rows,cols,vehicles,hub_ratio,variance,method,iteration,best_fitness
8,8,10,0.0,0.1,qpso,0,136468.4941
8,8,10,0.0,0.1,qpso,1,136468.4941
8,8,10,0.0,0.1,qpso,2,136468.4941
8,8,10,0.0,0.1,qpso,3,136468.4941
8,8,10,0.0,0.1,qpso,4,136468.4941
8,8,10,0.0,0.1,qpso,5,136468.4941
8,8,10,0.0,0.1,qpso,6,136468.4941
8,8,10,0.0,0.1,qpso,7,136468.4941
8,8,10,0.0,0.1,qpso,8,136468.4941
8,8,10,0.0,0.1,qpso,9,136468.4941
8,8,10,0.0,0.1,qpso,10,136468.4941
8,8,10,0.0,0.1,qpso,11,136468.4941
8,8,10,0.0,0.1,qpso,12,136468.4941
8,8,10,0.0,0.1,qpso,13,136468.4941
8,8,10,0.0,0.1,qpso,14,136468.4941
8,8,10,0.0,0.1,qpso,15,136468.4941
8,8,10,0.0,0.1,qpso,16,136468.4941
8,8,10,0.0,0.1,qpso,17,136468.4941
8,8,10,0.0,0.1,qpso,18,136468.4941
8,8,10,0.0,0.1,qpso,19,136468.4941
8,8,10,0.0,0.1,qpso,20,136468.4941
8,8,10,0.0,0.1,pso,0,136468.4941
8,8,10,0.0,0.1,pso,1,136468.4941
8,8,10,0.0,0.1,pso,2,136468.4941
8,8,10,0.0,0.1,pso,3,136468.4941
8,8,10,0.0,0.1,pso,4,136468.4941
8,8,10,0.0,0.1,pso,5,136468.4941
8,8,10,0.0,0.1,pso,6,136468.4941
8,8,10,0.0,0.1,pso,7,136468.4941
8,8,10,0.0,0.1,pso,8,136468.4941
8,8,10,0.0,0.1,pso,9,136468.4941
8,8,10,0.0,0.1,pso,10,136468.4941
8,8,10,0.0,0.1,pso,11,136468.4941
8,8,10,0.0,0.1,pso,12,136468.4941
8,8,10,0.0,0.1,pso,13,136468.4941
8,8,10,0.0,0.1,pso,14,136468.4941
8,8,10,0.0,0.1,pso,15,136468.4941
8,8,10,0.0,0.1,pso,16,136468.4941
8,8,10,0.0,0.1,pso,17,136468.4941
8,8,10,0.0,0.1,pso,18,136468.4941
8,8,10,0.0,0.1,pso,19,136468.4941
8,8,10,0.0,0.1,pso,20,136468.4941
8,8,10,0.0,0.1,ga,0,136468.4941
8,8,10,0.0,0.1,ga,1,136468.4941
8,8,10,0.0,0.1,ga,2,136468.4941
8,8,10,0.0,0.1,ga,3,136468.4941
8,8,10,0.0,0.1,ga,4,136468.4941
8,8,10,0.0,0.1,ga,5,136468.4941
8,8,10,0.0,0.1,ga,6,136468.4941
8,8,10,0.0,0.1,ga,7,136468.4941
8,8,10,0.0,0.1,ga,8,136468.4941
8,8,10,0.0,0.1,ga,9,136468.4941
8,8,10,0.0,0.1,ga,10,136468.4941
8,8,10,0.0,0.1,ga,11,136390.3781
8,8,10,0.0,0.1,ga,12,136390.3781
8,8,10,0.0,0.1,ga,13,136390.3781
8,8,10,0.0,0.1,ga,14,136390.3781
8,8,10,0.0,0.1,ga,15,136390.3781
8,8,10,0.0,0.1,ga,16,136390.3781
8,8,10,0.0,0.1,ga,17,136390.3781
8,8,10,0.0,0.1,ga,18,136390.3781
8,8,10,0.0,0.1,ga,19,136390.3781
8,8,10,0.0,0.1,ga,20,136390.3781
8,8,10,0.0,0.5,qpso,0,133239.8741
8,8,10,0.0,0.5,qpso,1,132552.4975
8,8,10,0.0,0.5,qpso,2,132552.4975
8,8,10,0.0,0.5,qpso,3,132552.4975
8,8,10,0.0,0.5,qpso,4,132552.4975
8,8,10,0.0,0.5,qpso,5,132552.4975
8,8,10,0.0,0.5,qpso,6,131888.9158
8,8,10,0.0,0.5,qpso,7,131888.9158
8,8,10,0.0,0.5,qpso,8,131888.9158
8,8,10,0.0,0.5,qpso,9,131888.9158
8,8,10,0.0,0.5,qpso,10,131888.9158
8,8,10,0.0,0.5,qpso,11,131888.9158
8,8,10,0.0,0.5,qpso,12,131888.9158
8,8,10,0.0,0.5,qpso,13,131888.9158
8,8,10,0.0,0.5,qpso,14,131888.9158
8,8,10,0.0,0.5,qpso,15,131888.9158
8,8,10,0.0,0.5,qpso,16,131888.9158
8,8,10,0.0,0.5,qpso,17,131726.662
8,8,10,0.0,0.5,qpso,18,131726.662
8,8,10,0.0,0.5,qpso,19,131726.662
8,8,10,0.0,0.5,qpso,20,131726.662
8,8,10,0.0,0.5,pso,0,133239.8741
8,8,10,0.0,0.5,pso,1,133239.8741
8,8,10,0.0,0.5,pso,2,133239.8741
8,8,10,0.0,0.5,pso,3,133239.8741
8,8,10,0.0,0.5,pso,4,133239.8741
8,8,10,0.0,0.5,pso,5,133239.8741
8,8,10,0.0,0.5,pso,6,132390.7657
8,8,10,0.0,0.5,pso,7,132325.4008
8,8,10,0.0,0.5,pso,8,132261.3978
8,8,10,0.0,0.5,pso,9,132217.1658
8,8,10,0.0,0.5,pso,10,132001.7706
8,8,10,0.0,0.5,pso,11,132001.7706
8,8,10,0.0,0.5,pso,12,132001.7706
8,8,10,0.0,0.5,pso,13,131804.8637
8,8,10,0.0,0.5,pso,14,131804.8637
8,8,10,0.0,0.5,pso,15,131765.2108
8,8,10,0.0,0.5,pso,16,131765.2108
8,8,10,0.0,0.5,pso,17,131765.2108
8,8,10,0.0,0.5,pso,18,131765.2108
8,8,10,0.0,0.5,pso,19,131765.2108
8,8,10,0.0,0.5,pso,20,131765.2108
8,8,10,0.0,0.5,ga,0,133239.8741
8,8,10,0.0,0.5,ga,1,133239.8741
8,8,10,0.0,0.5,ga,2,131765.2108
8,8,10,0.0,0.5,ga,3,131765.2108
8,8,10,0.0,0.5,ga,4,131726.662
8,8,10,0.0,0.5,ga,5,131726.662
8,8,10,0.0,0.5,ga,6,131726.662
8,8,10,0.0,0.5,ga,7,131726.662
8,8,10,0.0,0.5,ga,8,131726.662
8,8,10,0.0,0.5,ga,9,131726.662
8,8,10,0.0,0.5,ga,10,131726.662
8,8,10,0.0,0.5,ga,11,131726.662
8,8,10,0.0,0.5,ga,12,131726.662
8,8,10,0.0,0.5,ga,13,131726.662
8,8,10,0.0,0.5,ga,14,131726.662
8,8,10,0.0,0.5,ga,15,131726.662
8,8,10,0.0,0.5,ga,16,131726.662
8,8,10,0.0,0.5,ga,17,131726.662
8,8,10,0.0,0.5,ga,18,131726.662
8,8,10,0.0,0.5,ga,19,131726.662
8,8,10,0.0,0.5,ga,20,131726.662
8,8,10,9.0,0.1,qpso,0,101280.3042
8,8,10,9.0,0.1,qpso,1,100363.2926
8,8,10,9.0,0.1,qpso,2,100363.2926
8,8,10,9.0,0.1,qpso,3,100363.2926
8,8,10,9.0,0.1,qpso,4,100233.5881
8,8,10,9.0,0.1,qpso,5,100173.1939
8,8,10,9.0,0.1,qpso,6,100013.6974
8,8,10,9.0,0.1,qpso,7,99839.2167
8,8,10,9.0,0.1,qpso,8,99839.2167
8,8,10,9.0,0.1,qpso,9,99736.7628
8,8,10,9.0,0.1,qpso,10,99736.7628
8,8,10,9.0,0.1,qpso,11,99630.903
8,8,10,9.0,0.1,qpso,12,99630.903
8,8,10,9.0,0.1,qpso,13,99630.903
8,8,10,9.0,0.1,qpso,14,99594.5054
8,8,10,9.0,0.1,qpso,15,99403.8785
8,8,10,9.0,0.1,qpso,16,99403.8785
8,8,10,9.0,0.1,qpso,17,99403.8785
8,8,10,9.0,0.1,qpso,18,99403.8785
8,8,10,9.0,0.1,qpso,19,99397.2048
8,8,10,9.0,0.1,qpso,20,99397.2048
8,8,10,9.0,0.1,pso,0,101280.3042
8,8,10,9.0,0.1,pso,1,101280.3042
8,8,10,9.0,0.1,pso,2,101099.8861
8,8,10,9.0,0.1,pso,3,100901.6343
8,8,10,9.0,0.1,pso,4,100249.3824
8,8,10,9.0,0.1,pso,5,100249.3824
8,8,10,9.0,0.1,pso,6,100249.3824
8,8,10,9.0,0.1,pso,7,100249.3824
8,8,10,9.0,0.1,pso,8,100249.3824
8,8,10,9.0,0.1,pso,9,100249.3824
8,8,10,9.0,0.1,pso,10,100249.3824
8,8,10,9.0,0.1,pso,11,100249.3824
8,8,10,9.0,0.1,pso,12,100249.3824
8,8,10,9.0,0.1,pso,13,100249.3824
8,8,10,9.0,0.1,pso,14,100249.3824
8,8,10,9.0,0.1,pso,15,100249.3824
8,8,10,9.0,0.1,pso,16,100249.3824
8,8,10,9.0,0.1,pso,17,100192.0618
8,8,10,9.0,0.1,pso,18,100180.5993
8,8,10,9.0,0.1,pso,19,100059.2838
8,8,10,9.0,0.1,pso,20,100059.2838
8,8,10,9.0,0.1,ga,0,101280.3042
8,8,10,9.0,0.1,ga,1,101280.3042
8,8,10,9.0,0.1,ga,2,100962.3629
8,8,10,9.0,0.1,ga,3,100408.3571
8,8,10,9.0,0.1,ga,4,100408.3571
8,8,10,9.0,0.1,ga,5,100276.4789
8,8,10,9.0,0.1,ga,6,100072.355
8,8,10,9.0,0.1,ga,7,99488.3796
8,8,10,9.0,0.1,ga,8,99488.3796
8,8,10,9.0,0.1,ga,9,99488.3796
8,8,10,9.0,0.1,ga,10,99488.3796
8,8,10,9.0,0.1,ga,11,99488.3796
8,8,10,9.0,0.1,ga,12,99488.3796
8,8,10,9.0,0.1,ga,13,99488.3796
8,8,10,9.0,0.1,ga,14,99488.3796
8,8,10,9.0,0.1,ga,15,99488.3796
8,8,10,9.0,0.1,ga,16,99488.3796
8,8,10,9.0,0.1,ga,17,99488.3796
8,8,10,9.0,0.1,ga,18,99488.3796
8,8,10,9.0,0.1,ga,19,99488.3796
8,8,10,9.0,0.1,ga,20,99488.3796
8,8,10,9.0,0.5,qpso,0,200365.9211
8,8,10,9.0,0.5,qpso,1,197433.3872
8,8,10,9.0,0.5,qpso,2,194568.5579
8,8,10,9.0,0.5,qpso,3,194568.5579
8,8,10,9.0,0.5,qpso,4,193132.1582
8,8,10,9.0,0.5,qpso,5,193132.1582
8,8,10,9.0,0.5,qpso,6,193132.1582
8,8,10,9.0,0.5,qpso,7,192812.907
8,8,10,9.0,0.5,qpso,8,192645.1474
8,8,10,9.0,0.5,qpso,9,192645.1474
8,8,10,9.0,0.5,qpso,10,192645.1474
8,8,10,9.0,0.5,qpso,11,192645.1474
8,8,10,9.0,0.5,qpso,12,192313.409
8,8,10,9.0,0.5,qpso,13,192208.1646
8,8,10,9.0,0.5,qpso,14,192208.1646
8,8,10,9.0,0.5,qpso,15,192208.1646
8,8,10,9.0,0.5,qpso,16,192208.1646
8,8,10,9.0,0.5,qpso,17,192208.1646
8,8,10,9.0,0.5,qpso,18,191984.5435
8,8,10,9.0,0.5,qpso,19,191984.5435
8,8,10,9.0,0.5,qpso,20,191984.5435
8,8,10,9.0,0.5,pso,0,200365.9211
8,8,10,9.0,0.5,pso,1,199328.8304
8,8,10,9.0,0.5,pso,2,197422.079
8,8,10,9.0,0.5,pso,3,197422.079
8,8,10,9.0,0.5,pso,4,195845.3355
8,8,10,9.0,0.5,pso,5,194715.0305
8,8,10,9.0,0.5,pso,6,193213.7697
8,8,10,9.0,0.5,pso,7,193213.7697
8,8,10,9.0,0.5,pso,8,193213.7697
8,8,10,9.0,0.5,pso,9,192162.512
8,8,10,9.0,0.5,pso,10,192162.512
8,8,10,9.0,0.5,pso,11,192162.512
8,8,10,9.0,0.5,pso,12,191770.0695
8,8,10,9.0,0.5,pso,13,191117.3197
8,8,10,9.0,0.5,pso,14,191117.3197
8,8,10,9.0,0.5,pso,15,191117.3197
8,8,10,9.0,0.5,pso,16,191117.3197
8,8,10,9.0,0.5,pso,17,191117.3197
8,8,10,9.0,0.5,pso,18,191117.3197
8,8,10,9.0,0.5,pso,19,191117.3197
8,8,10,9.0,0.5,pso,20,190969.7466
8,8,10,9.0,0.5,ga,0,200365.9211
8,8,10,9.0,0.5,ga,1,200365.9211
8,8,10,9.0,0.5,ga,2,200365.9211
8,8,10,9.0,0.5,ga,3,195963.8324
8,8,10,9.0,0.5,ga,4,195963.8324
8,8,10,9.0,0.5,ga,5,195963.8324
8,8,10,9.0,0.5,ga,6,194400.1276
8,8,10,9.0,0.5,ga,7,194400.1276
8,8,10,9.0,0.5,ga,8,194400.1276
8,8,10,9.0,0.5,ga,9,194400.1276
8,8,10,9.0,0.5,ga,10,194400.1276
8,8,10,9.0,0.5,ga,11,194370.6109
8,8,10,9.0,0.5,ga,12,194370.6109
8,8,10,9.0,0.5,ga,13,194195.324
8,8,10,9.0,0.5,ga,14,194195.324
8,8,10,9.0,0.5,ga,15,194172.9107
8,8,10,9.0,0.5,ga,16,194172.9107
8,8,10,9.0,0.5,ga,17,194172.9107
8,8,10,9.0,0.5,ga,18,194172.9107
8,8,10,9.0,0.5,ga,19,194172.9107
8,8,10,9.0,0.5,ga,20,194172.9107
8,8,20,0.0,0.1,qpso,0,228758.6751
8,8,20,0.0,0.1,qpso,1,228758.6751
8,8,20,0.0,0.1,qpso,2,228758.6751
8,8,20,0.0,0.1,qpso,3,228758.6751
8,8,20,0.0,0.1,qpso,4,228758.6751
8,8,20,0.0,0.1,qpso,5,228758.6751
8,8,20,0.0,0.1,qpso,6,228758.6751
8,8,20,0.0,0.1,qpso,7,228758.6751
8,8,20,0.0,0.1,qpso,8,228758.6751
8,8,20,0.0,0.1,qpso,9,228758.6751
8,8,20,0.0,0.1,qpso,10,228758.6751
8,8,20,0.0,0.1,qpso,11,228758.6751
8,8,20,0.0,0.1,qpso,12,228758.6751
8,8,20,0.0,0.1,qpso,13,228758.6751
8,8,20,0.0,0.1,qpso,14,228758.6751
8,8,20,0.0,0.1,qpso,15,228758.6751
8,8,20,0.0,0.1,qpso,16,228758.6751
8,8,20,0.0,0.1,qpso,17,228758.6751
8,8,20,0.0,0.1,qpso,18,228758.6751
8,8,20,0.0,0.1,qpso,19,228758.6751
8,8,20,0.0,0.1,qpso,20,228758.6751
8,8,20,0.0,0.1,pso,0,228758.6751
8,8,20,0.0,0.1,pso,1,228758.6751
8,8,20,0.0,0.1,pso,2,228758.6751
8,8,20,0.0,0.1,pso,3,228758.6751
8,8,20,0.0,0.1,pso,4,228758.6751
8,8,20,0.0,0.1,pso,5,228758.6751
8,8,20,0.0,0.1,pso,6,228758.6751
8,8,20,0.0,0.1,pso,7,228758.6751
8,8,20,0.0,0.1,pso,8,228758.6751
8,8,20,0.0,0.1,pso,9,228758.6751
8,8,20,0.0,0.1,pso,10,228758.6751
8,8,20,0.0,0.1,pso,11,228758.6751
8,8,20,0.0,0.1,pso,12,228758.6751
8,8,20,0.0,0.1,pso,13,228758.6751
8,8,20,0.0,0.1,pso,14,228758.6751
8,8,20,0.0,0.1,pso,15,228758.6751
8,8,20,0.0,0.1,pso,16,228758.6751
8,8,20,0.0,0.1,pso,17,228758.6751
8,8,20,0.0,0.1,pso,18,228758.6751
8,8,20,0.0,0.1,pso,19,228758.6751
8,8,20,0.0,0.1,pso,20,228758.6751
8,8,20,0.0,0.1,ga,0,228758.6751
8,8,20,0.0,0.1,ga,1,228758.6751
8,8,20,0.0,0.1,ga,2,228758.6751
8,8,20,0.0,0.1,ga,3,228758.6751
8,8,20,0.0,0.1,ga,4,228758.6751
8,8,20,0.0,0.1,ga,5,228758.6751
8,8,20,0.0,0.1,ga,6,228758.6751
8,8,20,0.0,0.1,ga,7,228758.6751
8,8,20,0.0,0.1,ga,8,228758.6751
8,8,20,0.0,0.1,ga,9,228758.6751
8,8,20,0.0,0.1,ga,10,228758.6751
8,8,20,0.0,0.1,ga,11,228758.6751
8,8,20,0.0,0.1,ga,12,228758.6751
8,8,20,0.0,0.1,ga,13,228758.6751
8,8,20,0.0,0.1,ga,14,228758.6751
8,8,20,0.0,0.1,ga,15,228724.0297
8,8,20,0.0,0.1,ga,16,228724.0297
8,8,20,0.0,0.1,ga,17,228724.0297
8,8,20,0.0,0.1,ga,18,228724.0297
8,8,20,0.0,0.1,ga,19,228724.0297
8,8,20,0.0,0.1,ga,20,228724.0297
8,8,20,0.0,0.5,qpso,0,263380.8467
8,8,20,0.0,0.5,qpso,1,263380.8467
8,8,20,0.0,0.5,qpso,2,263380.8467
8,8,20,0.0,0.5,qpso,3,263380.8467
8,8,20,0.0,0.5,qpso,4,263380.8467
8,8,20,0.0,0.5,qpso,5,263380.8467
8,8,20,0.0,0.5,qpso,6,263380.8467
8,8,20,0.0,0.5,qpso,7,263380.8467
8,8,20,0.0,0.5,qpso,8,263380.8467
8,8,20,0.0,0.5,qpso,9,263380.8467
8,8,20,0.0,0.5,qpso,10,263367.0175
8,8,20,0.0,0.5,qpso,11,263367.0175
8,8,20,0.0,0.5,qpso,12,263367.0175
8,8,20,0.0,0.5,qpso,13,263367.0175
8,8,20,0.0,0.5,qpso,14,263188.9093
8,8,20,0.0,0.5,qpso,15,263188.9093
8,8,20,0.0,0.5,qpso,16,263188.9093
8,8,20,0.0,0.5,qpso,17,262902.9418
8,8,20,0.0,0.5,qpso,18,262902.9418
8,8,20,0.0,0.5,qpso,19,262839.5971
8,8,20,0.0,0.5,qpso,20,262839.5971
8,8,20,0.0,0.5,pso,0,263380.8467
8,8,20,0.0,0.5,pso,1,263380.8467
8,8,20,0.0,0.5,pso,2,263380.8467
8,8,20,0.0,0.5,pso,3,263380.8467
8,8,20,0.0,0.5,pso,4,263380.8467
8,8,20,0.0,0.5,pso,5,263380.8467
8,8,20,0.0,0.5,pso,6,263380.8467
8,8,20,0.0,0.5,pso,7,263380.8467
8,8,20,0.0,0.5,pso,8,263380.8467
8,8,20,0.0,0.5,pso,9,263380.8467
8,8,20,0.0,0.5,pso,10,263380.8467
8,8,20,0.0,0.5,pso,11,263380.8467
8,8,20,0.0,0.5,pso,12,263380.8467
8,8,20,0.0,0.5,pso,13,263380.8467
8,8,20,0.0,0.5,pso,14,263380.8467
8,8,20,0.0,0.5,pso,15,263380.8467
8,8,20,0.0,0.5,pso,16,263049.3783
8,8,20,0.0,0.5,pso,17,263049.3783
8,8,20,0.0,0.5,pso,18,262839.5971
8,8,20,0.0,0.5,pso,19,262839.5971
8,8,20,0.0,0.5,pso,20,262839.5971
8,8,20,0.0,0.5,ga,0,263380.8467
8,8,20,0.0,0.5,ga,1,263380.8467
8,8,20,0.0,0.5,ga,2,263317.5019
8,8,20,0.0,0.5,ga,3,262950.3767
8,8,20,0.0,0.5,ga,4,262950.3767
8,8,20,0.0,0.5,ga,5,262950.3767
8,8,20,0.0,0.5,ga,6,262810.7047
8,8,20,0.0,0.5,ga,7,262810.7047
8,8,20,0.0,0.5,ga,8,262810.7047
8,8,20,0.0,0.5,ga,9,262810.7047
8,8,20,0.0,0.5,ga,10,262810.7047
8,8,20,0.0,0.5,ga,11,262810.7047
8,8,20,0.0,0.5,ga,12,262810.7047
8,8,20,0.0,0.5,ga,13,262810.7047
8,8,20,0.0,0.5,ga,14,262810.7047
8,8,20,0.0,0.5,ga,15,262810.7047
8,8,20,0.0,0.5,ga,16,262810.7047
8,8,20,0.0,0.5,ga,17,262810.7047
8,8,20,0.0,0.5,ga,18,262810.7047
8,8,20,0.0,0.5,ga,19,262810.7047
8,8,20,0.0,0.5,ga,20,262810.7047
8,8,20,9.0,0.1,qpso,0,208659.1941
8,8,20,9.0,0.1,qpso,1,208659.1941
8,8,20,9.0,0.1,qpso,2,208659.1941
8,8,20,9.0,0.1,qpso,3,208659.1941
8,8,20,9.0,0.1,qpso,4,208659.1941
8,8,20,9.0,0.1,qpso,5,208659.1941
8,8,20,9.0,0.1,qpso,6,208659.1941
8,8,20,9.0,0.1,qpso,7,208659.1941
8,8,20,9.0,0.1,qpso,8,208659.1941
8,8,20,9.0,0.1,qpso,9,208659.1941
8,8,20,9.0,0.1,qpso,10,208659.1941
8,8,20,9.0,0.1,qpso,11,208659.1941
8,8,20,9.0,0.1,qpso,12,208659.1941
8,8,20,9.0,0.1,qpso,13,208659.1941
8,8,20,9.0,0.1,qpso,14,208659.1941
8,8,20,9.0,0.1,qpso,15,208659.1941
8,8,20,9.0,0.1,qpso,16,208659.1941
8,8,20,9.0,0.1,qpso,17,208659.1941
8,8,20,9.0,0.1,qpso,18,208659.1941
8,8,20,9.0,0.1,qpso,19,208659.1941
8,8,20,9.0,0.1,qpso,20,208659.1941
8,8,20,9.0,0.1,pso,0,208659.1941
8,8,20,9.0,0.1,pso,1,208659.1941
8,8,20,9.0,0.1,pso,2,208659.1941
8,8,20,9.0,0.1,pso,3,208659.1941
8,8,20,9.0,0.1,pso,4,208659.1941
8,8,20,9.0,0.1,pso,5,208659.1941
8,8,20,9.0,0.1,pso,6,208659.1941
8,8,20,9.0,0.1,pso,7,208659.1941
8,8,20,9.0,0.1,pso,8,208659.1941
8,8,20,9.0,0.1,pso,9,208659.1941
8,8,20,9.0,0.1,pso,10,208659.1941
8,8,20,9.0,0.1,pso,11,208659.1941
8,8,20,9.0,0.1,pso,12,208659.1941
8,8,20,9.0,0.1,pso,13,208659.1941
8,8,20,9.0,0.1,pso,14,208659.1941
8,8,20,9.0,0.1,pso,15,208659.1941
8,8,20,9.0,0.1,pso,16,208659.1941
8,8,20,9.0,0.1,pso,17,208659.1941
8,8,20,9.0,0.1,pso,18,208659.1941
8,8,20,9.0,0.1,pso,19,208659.1941
8,8,20,9.0,0.1,pso,20,208659.1941
8,8,20,9.0,0.1,ga,0,208659.1941
8,8,20,9.0,0.1,ga,1,208557.7481
8,8,20,9.0,0.1,ga,2,208557.7481
8,8,20,9.0,0.1,ga,3,208557.7481
8,8,20,9.0,0.1,ga,4,208557.7481
8,8,20,9.0,0.1,ga,5,208557.7481
8,8,20,9.0,0.1,ga,6,208557.7481
8,8,20,9.0,0.1,ga,7,208557.7481
8,8,20,9.0,0.1,ga,8,208519.8367
8,8,20,9.0,0.1,ga,9,208519.8367
8,8,20,9.0,0.1,ga,10,208519.8367
8,8,20,9.0,0.1,ga,11,208519.8367
8,8,20,9.0,0.1,ga,12,208519.8367
8,8,20,9.0,0.1,ga,13,208519.8367
8,8,20,9.0,0.1,ga,14,208519.8367
8,8,20,9.0,0.1,ga,15,208489.2727
8,8,20,9.0,0.1,ga,16,208476.7988
8,8,20,9.0,0.1,ga,17,208476.7988
8,8,20,9.0,0.1,ga,18,208476.7988
8,8,20,9.0,0.1,ga,19,208476.7988
8,8,20,9.0,0.1,ga,20,208476.7988
8,8,20,9.0,0.5,qpso,0,321219.4091
8,8,20,9.0,0.5,qpso,1,321219.4091
8,8,20,9.0,0.5,qpso,2,321219.4091
8,8,20,9.0,0.5,qpso,3,321219.4091
8,8,20,9.0,0.5,qpso,4,321219.4091
8,8,20,9.0,0.5,qpso,5,321219.4091
8,8,20,9.0,0.5,qpso,6,321219.4091
8,8,20,9.0,0.5,qpso,7,321219.4091
8,8,20,9.0,0.5,qpso,8,321219.4091
8,8,20,9.0,0.5,qpso,9,321219.4091
8,8,20,9.0,0.5,qpso,10,321219.4091
8,8,20,9.0,0.5,qpso,11,321219.4091
8,8,20,9.0,0.5,qpso,12,321219.4091
8,8,20,9.0,0.5,qpso,13,321219.4091
8,8,20,9.0,0.5,qpso,14,321219.4091
8,8,20,9.0,0.5,qpso,15,321219.4091
8,8,20,9.0,0.5,qpso,16,321219.4091
8,8,20,9.0,0.5,qpso,17,321219.4091
8,8,20,9.0,0.5,qpso,18,320945.6117
8,8,20,9.0,0.5,qpso,19,320728.3177
8,8,20,9.0,0.5,qpso,20,320728.3177
8,8,20,9.0,0.5,pso,0,321219.4091
8,8,20,9.0,0.5,pso,1,321219.4091
8,8,20,9.0,0.5,pso,2,321219.4091
8,8,20,9.0,0.5,pso,3,321219.4091
8,8,20,9.0,0.5,pso,4,321219.4091
8,8,20,9.0,0.5,pso,5,321219.4091
8,8,20,9.0,0.5,pso,6,321219.4091
8,8,20,9.0,0.5,pso,7,321219.4091
8,8,20,9.0,0.5,pso,8,321219.4091
8,8,20,9.0,0.5,pso,9,321219.4091
8,8,20,9.0,0.5,pso,10,321219.4091
8,8,20,9.0,0.5,pso,11,321219.4091
8,8,20,9.0,0.5,pso,12,321219.4091
8,8,20,9.0,0.5,pso,13,321219.4091
8,8,20,9.0,0.5,pso,14,321219.4091
8,8,20,9.0,0.5,pso,15,321219.4091
8,8,20,9.0,0.5,pso,16,321219.4091
8,8,20,9.0,0.5,pso,17,321219.4091
8,8,20,9.0,0.5,pso,18,321219.4091
8,8,20,9.0,0.5,pso,19,321219.4091
8,8,20,9.0,0.5,pso,20,321219.4091
8,8,20,9.0,0.5,ga,0,321219.4091
8,8,20,9.0,0.5,ga,1,321219.4091
8,8,20,9.0,0.5,ga,2,321219.4091
8,8,20,9.0,0.5,ga,3,321219.4091
8,8,20,9.0,0.5,ga,4,321219.4091
8,8,20,9.0,0.5,ga,5,321219.4091
8,8,20,9.0,0.5,ga,6,320728.3177
8,8,20,9.0,0.5,ga,7,320728.3177
8,8,20,9.0,0.5,ga,8,320728.3177
8,8,20,9.0,0.5,ga,9,320728.3177
8,8,20,9.0,0.5,ga,10,320728.3177
8,8,20,9.0,0.5,ga,11,320728.3177
8,8,20,9.0,0.5,ga,12,320728.3177
8,8,20,9.0,0.5,ga,13,320728.3177
8,8,20,9.0,0.5,ga,14,320728.3177
8,8,20,9.0,0.5,ga,15,320728.3177
8,8,20,9.0,0.5,ga,16,320728.3177
8,8,20,9.0,0.5,ga,17,320728.3177
8,8,20,9.0,0.5,ga,18,320728.3177
8,8,20,9.0,0.5,ga,19,320728.3177
8,8,20,9.0,0.5,ga,20,320728.3177
15,15,10,0.0,0.1,qpso,0,258711.4079
15,15,10,0.0,0.1,qpso,1,258661.5782
15,15,10,0.0,0.1,qpso,2,258381.0541
15,15,10,0.0,0.1,qpso,3,258381.0541
15,15,10,0.0,0.1,qpso,4,258169.1453
15,15,10,0.0,0.1,qpso,5,258169.1453
15,15,10,0.0,0.1,qpso,6,258169.1453
15,15,10,0.0,0.1,qpso,7,258169.1453
15,15,10,0.0,0.1,qpso,8,258169.1453
15,15,10,0.0,0.1,qpso,9,258169.1453
15,15,10,0.0,0.1,qpso,10,258169.1453
15,15,10,0.0,0.1,qpso,11,258169.1453
15,15,10,0.0,0.1,qpso,12,258084.3223
15,15,10,0.0,0.1,qpso,13,258084.3223
15,15,10,0.0,0.1,qpso,14,258040.4132
15,15,10,0.0,0.1,qpso,15,257990.7931
15,15,10,0.0,0.1,qpso,16,257965.3167
15,15,10,0.0,0.1,qpso,17,257965.3167
15,15,10,0.0,0.1,qpso,18,257965.3167
15,15,10,0.0,0.1,qpso,19,257965.3167
15,15,10,0.0,0.1,qpso,20,257965.3167
15,15,10,0.0,0.1,pso,0,258711.4079
15,15,10,0.0,0.1,pso,1,258628.8788
15,15,10,0.0,0.1,pso,2,258628.8788
15,15,10,0.0,0.1,pso,3,258582.4219
15,15,10,0.0,0.1,pso,4,258402.5622
15,15,10,0.0,0.1,pso,5,258339.7534
15,15,10,0.0,0.1,pso,6,258312.2576
15,15,10,0.0,0.1,pso,7,258206.5574
15,15,10,0.0,0.1,pso,8,258202.8708
15,15,10,0.0,0.1,pso,9,258202.8708
15,15,10,0.0,0.1,pso,10,258149.279
15,15,10,0.0,0.1,pso,11,258143.3015
15,15,10,0.0,0.1,pso,12,258143.3015
15,15,10,0.0,0.1,pso,13,258143.3015
15,15,10,0.0,0.1,pso,14,258143.3015
15,15,10,0.0,0.1,pso,15,258143.3015
15,15,10,0.0,0.1,pso,16,258143.3015
15,15,10,0.0,0.1,pso,17,258143.3015
15,15,10,0.0,0.1,pso,18,258143.3015
15,15,10,0.0,0.1,pso,19,258143.3015
15,15,10,0.0,0.1,pso,20,258143.3015
15,15,10,0.0,0.1,ga,0,258711.4079
15,15,10,0.0,0.1,ga,1,258700.0078
15,15,10,0.0,0.1,ga,2,258471.7476
15,15,10,0.0,0.1,ga,3,258293.7355
15,15,10,0.0,0.1,ga,4,258293.7355
15,15,10,0.0,0.1,ga,5,258241.3175
15,15,10,0.0,0.1,ga,6,258241.3175
15,15,10,0.0,0.1,ga,7,258207.4214
15,15,10,0.0,0.1,ga,8,258189.9982
15,15,10,0.0,0.1,ga,9,258189.9982
15,15,10,0.0,0.1,ga,10,258189.9982
15,15,10,0.0,0.1,ga,11,258189.9982
15,15,10,0.0,0.1,ga,12,258189.9982
15,15,10,0.0,0.1,ga,13,258150.1429
15,15,10,0.0,0.1,ga,14,258150.1429
15,15,10,0.0,0.1,ga,15,258150.1429
15,15,10,0.0,0.1,ga,16,258114.236
15,15,10,0.0,0.1,ga,17,258114.236
15,15,10,0.0,0.1,ga,18,258114.236
15,15,10,0.0,0.1,ga,19,258114.236
15,15,10,0.0,0.1,ga,20,258114.236
15,15,10,0.0,0.5,qpso,0,247912.3862
15,15,10,0.0,0.5,qpso,1,247912.3862
15,15,10,0.0,0.5,qpso,2,247912.3862
15,15,10,0.0,0.5,qpso,3,247912.3862
15,15,10,0.0,0.5,qpso,4,247912.3862
15,15,10,0.0,0.5,qpso,5,247912.3862
15,15,10,0.0,0.5,qpso,6,247912.3862
15,15,10,0.0,0.5,qpso,7,247912.3862
15,15,10,0.0,0.5,qpso,8,247912.3862
15,15,10,0.0,0.5,qpso,9,247912.3862
15,15,10,0.0,0.5,qpso,10,247912.3862
15,15,10,0.0,0.5,qpso,11,247112.7401
15,15,10,0.0,0.5,qpso,12,247112.7401
15,15,10,0.0,0.5,qpso,13,247112.7401
15,15,10,0.0,0.5,qpso,14,247112.7401
15,15,10,0.0,0.5,qpso,15,247112.7401
15,15,10,0.0,0.5,qpso,16,246932.7711
15,15,10,0.0,0.5,qpso,17,246932.7711
15,15,10,0.0,0.5,qpso,18,246932.7711
15,15,10,0.0,0.5,qpso,19,246932.7711
15,15,10,0.0,0.5,qpso,20,246932.7711
15,15,10,0.0,0.5,pso,0,247912.3862
15,15,10,0.0,0.5,pso,1,247912.3862
15,15,10,0.0,0.5,pso,2,247912.3862
15,15,10,0.0,0.5,pso,3,247912.3862
15,15,10,0.0,0.5,pso,4,247912.3862
15,15,10,0.0,0.5,pso,5,247912.3862
15,15,10,0.0,0.5,pso,6,247912.3862
15,15,10,0.0,0.5,pso,7,247912.3862
15,15,10,0.0,0.5,pso,8,247912.3862
15,15,10,0.0,0.5,pso,9,247912.3862
15,15,10,0.0,0.5,pso,10,247912.3862
15,15,10,0.0,0.5,pso,11,247912.3862
15,15,10,0.0,0.5,pso,12,247912.3862
15,15,10,0.0,0.5,pso,13,247912.3862
15,15,10,0.0,0.5,pso,14,247912.3862
15,15,10,0.0,0.5,pso,15,247912.3862
15,15,10,0.0,0.5,pso,16,247912.3862
15,15,10,0.0,0.5,pso,17,247901.9418
15,15,10,0.0,0.5,pso,18,247799.445
15,15,10,0.0,0.5,pso,19,247525.3903
15,15,10,0.0,0.5,pso,20,247129.9008
15,15,10,0.0,0.5,ga,0,247912.3862
15,15,10,0.0,0.5,ga,1,247912.3862
15,15,10,0.0,0.5,ga,2,247912.3862
15,15,10,0.0,0.5,ga,3,247912.3862
15,15,10,0.0,0.5,ga,4,247912.3862
15,15,10,0.0,0.5,ga,5,247912.3862
15,15,10,0.0,0.5,ga,6,246741.0415
15,15,10,0.0,0.5,ga,7,246741.0415
15,15,10,0.0,0.5,ga,8,246589.211
15,15,10,0.0,0.5,ga,9,246589.211
15,15,10,0.0,0.5,ga,10,246589.211
15,15,10,0.0,0.5,ga,11,246589.211
15,15,10,0.0,0.5,ga,12,246589.211
15,15,10,0.0,0.5,ga,13,246589.211
15,15,10,0.0,0.5,ga,14,246589.211
15,15,10,0.0,0.5,ga,15,246589.211
15,15,10,0.0,0.5,ga,16,246589.211
15,15,10,0.0,0.5,ga,17,246589.211
15,15,10,0.0,0.5,ga,18,246589.211
15,15,10,0.0,0.5,ga,19,246589.211
15,15,10,0.0,0.5,ga,20,246589.211
15,15,10,9.0,0.1,qpso,0,162132.941
15,15,10,9.0,0.1,qpso,1,162132.941
15,15,10,9.0,0.1,qpso,2,161930.5061
15,15,10,9.0,0.1,qpso,3,161930.5061
15,15,10,9.0,0.1,qpso,4,161883.9686
15,15,10,9.0,0.1,qpso,5,161883.9686
15,15,10,9.0,0.1,qpso,6,161883.9686
15,15,10,9.0,0.1,qpso,7,161249.2804
15,15,10,9.0,0.1,qpso,8,161249.2804
15,15,10,9.0,0.1,qpso,9,161249.2804
15,15,10,9.0,0.1,qpso,10,161249.2804
15,15,10,9.0,0.1,qpso,11,161249.2804
15,15,10,9.0,0.1,qpso,12,161249.2804
15,15,10,9.0,0.1,qpso,13,161234.1827
15,15,10,9.0,0.1,qpso,14,161234.1827
15,15,10,9.0,0.1,qpso,15,161234.1827
15,15,10,9.0,0.1,qpso,16,161020.2348
15,15,10,9.0,0.1,qpso,17,161020.2348
15,15,10,9.0,0.1,qpso,18,161020.2348
15,15,10,9.0,0.1,qpso,19,161020.2348
15,15,10,9.0,0.1,qpso,20,161020.2348
15,15,10,9.0,0.1,pso,0,162132.941
15,15,10,9.0,0.1,pso,1,161560.7457
15,15,10,9.0,0.1,pso,2,161560.7457
15,15,10,9.0,0.1,pso,3,161312.0568
15,15,10,9.0,0.1,pso,4,161312.0568
15,15,10,9.0,0.1,pso,5,161312.0568
15,15,10,9.0,0.1,pso,6,161312.0568
15,15,10,9.0,0.1,pso,7,161256.2806
15,15,10,9.0,0.1,pso,8,161256.2806
15,15,10,9.0,0.1,pso,9,161213.0494
15,15,10,9.0,0.1,pso,10,161213.0494
15,15,10,9.0,0.1,pso,11,161213.0494
15,15,10,9.0,0.1,pso,12,161213.0494
15,15,10,9.0,0.1,pso,13,161213.0494
15,15,10,9.0,0.1,pso,14,161213.0494
15,15,10,9.0,0.1,pso,15,161213.0494
15,15,10,9.0,0.1,pso,16,161213.0494
15,15,10,9.0,0.1,pso,17,161213.0494
15,15,10,9.0,0.1,pso,18,161213.0494
15,15,10,9.0,0.1,pso,19,161213.0494
15,15,10,9.0,0.1,pso,20,161213.0494
15,15,10,9.0,0.1,ga,0,162132.941
15,15,10,9.0,0.1,ga,1,161248.8294
15,15,10,9.0,0.1,ga,2,161248.8294
15,15,10,9.0,0.1,ga,3,161248.8294
15,15,10,9.0,0.1,ga,4,161245.8202
15,15,10,9.0,0.1,ga,5,161143.6616
15,15,10,9.0,0.1,ga,6,161143.6616
15,15,10,9.0,0.1,ga,7,161140.6525
15,15,10,9.0,0.1,ga,8,161140.6525
15,15,10,9.0,0.1,ga,9,161140.6525
15,15,10,9.0,0.1,ga,10,161140.6525
15,15,10,9.0,0.1,ga,11,161140.6525
15,15,10,9.0,0.1,ga,12,161140.6525
15,15,10,9.0,0.1,ga,13,161140.6525
15,15,10,9.0,0.1,ga,14,161140.6525
15,15,10,9.0,0.1,ga,15,161140.6525
15,15,10,9.0,0.1,ga,16,161140.6525
15,15,10,9.0,0.1,ga,17,161140.6525
15,15,10,9.0,0.1,ga,18,161140.6525
15,15,10,9.0,0.1,ga,19,161140.6525
15,15,10,9.0,0.1,ga,20,161140.6525
15,15,10,9.0,0.5,qpso,0,345127.5659
15,15,10,9.0,0.5,qpso,1,345127.5659
15,15,10,9.0,0.5,qpso,2,345127.5659
15,15,10,9.0,0.5,qpso,3,345127.5659
15,15,10,9.0,0.5,qpso,4,345127.5659
15,15,10,9.0,0.5,qpso,5,345127.5659
15,15,10,9.0,0.5,qpso,6,345127.5659
15,15,10,9.0,0.5,qpso,7,345127.5659
15,15,10,9.0,0.5,qpso,8,344832.2808
15,15,10,9.0,0.5,qpso,9,344776.3493
15,15,10,9.0,0.5,qpso,10,344776.3493
15,15,10,9.0,0.5,qpso,11,344776.3493
15,15,10,9.0,0.5,qpso,12,344776.3493
15,15,10,9.0,0.5,qpso,13,344776.3493
15,15,10,9.0,0.5,qpso,14,343568.7216
15,15,10,9.0,0.5,qpso,15,343568.7216
15,15,10,9.0,0.5,qpso,16,343568.7216
15,15,10,9.0,0.5,qpso,17,343441.6697
15,15,10,9.0,0.5,qpso,18,343258.528
15,15,10,9.0,0.5,qpso,19,343258.528
15,15,10,9.0,0.5,qpso,20,342755.1766
15,15,10,9.0,0.5,pso,0,345127.5659
15,15,10,9.0,0.5,pso,1,345127.5659
15,15,10,9.0,0.5,pso,2,345127.5659
15,15,10,9.0,0.5,pso,3,345127.5659
15,15,10,9.0,0.5,pso,4,344122.3184
15,15,10,9.0,0.5,pso,5,344122.3184
15,15,10,9.0,0.5,pso,6,344122.3184
15,15,10,9.0,0.5,pso,7,344122.3184
15,15,10,9.0,0.5,pso,8,344122.3184
15,15,10,9.0,0.5,pso,9,344122.3184
15,15,10,9.0,0.5,pso,10,344122.3184
15,15,10,9.0,0.5,pso,11,344122.3184
15,15,10,9.0,0.5,pso,12,343467.834
15,15,10,9.0,0.5,pso,13,343467.834
15,15,10,9.0,0.5,pso,14,343467.834
15,15,10,9.0,0.5,pso,15,343467.834
15,15,10,9.0,0.5,pso,16,343467.834
15,15,10,9.0,0.5,pso,17,343467.834
15,15,10,9.0,0.5,pso,18,343467.834
15,15,10,9.0,0.5,pso,19,343467.834
15,15,10,9.0,0.5,pso,20,343467.834
15,15,10,9.0,0.5,ga,0,345127.5659
15,15,10,9.0,0.5,ga,1,345127.5659
15,15,10,9.0,0.5,ga,2,345127.5659
15,15,10,9.0,0.5,ga,3,345127.5659
15,15,10,9.0,0.5,ga,4,345127.5659
15,15,10,9.0,0.5,ga,5,345127.5659
15,15,10,9.0,0.5,ga,6,343336.7652
15,15,10,9.0,0.5,ga,7,343336.7652
15,15,10,9.0,0.5,ga,8,343336.7652
15,15,10,9.0,0.5,ga,9,343200.2659
15,15,10,9.0,0.5,ga,10,342865.1129
15,15,10,9.0,0.5,ga,11,342865.1129
15,15,10,9.0,0.5,ga,12,342705.123
15,15,10,9.0,0.5,ga,13,342705.123
15,15,10,9.0,0.5,ga,14,342705.123
15,15,10,9.0,0.5,ga,15,342705.123
15,15,10,9.0,0.5,ga,16,342705.123
15,15,10,9.0,0.5,ga,17,342420.4824
15,15,10,9.0,0.5,ga,18,342420.4824
15,15,10,9.0,0.5,ga,19,342289.1239
15,15,10,9.0,0.5,ga,20,342289.1239
15,15,20,0.0,0.1,qpso,0,410389.1265
15,15,20,0.0,0.1,qpso,1,410389.1265
15,15,20,0.0,0.1,qpso,2,410389.1265
15,15,20,0.0,0.1,qpso,3,410389.1265
15,15,20,0.0,0.1,qpso,4,410389.1265
15,15,20,0.0,0.1,qpso,5,410389.1265
15,15,20,0.0,0.1,qpso,6,410389.1265
15,15,20,0.0,0.1,qpso,7,410389.1265
15,15,20,0.0,0.1,qpso,8,410389.1265
15,15,20,0.0,0.1,qpso,9,410389.1265
15,15,20,0.0,0.1,qpso,10,410389.1265
15,15,20,0.0,0.1,qpso,11,410389.1265
15,15,20,0.0,0.1,qpso,12,410389.1265
15,15,20,0.0,0.1,qpso,13,410389.1265
15,15,20,0.0,0.1,qpso,14,410389.1265
15,15,20,0.0,0.1,qpso,15,410389.1265
15,15,20,0.0,0.1,qpso,16,410389.1265
15,15,20,0.0,0.1,qpso,17,410389.1265
15,15,20,0.0,0.1,qpso,18,410389.1265
15,15,20,0.0,0.1,qpso,19,410389.1265
15,15,20,0.0,0.1,qpso,20,410389.1265
15,15,20,0.0,0.1,pso,0,410389.1265
15,15,20,0.0,0.1,pso,1,410389.1265
15,15,20,0.0,0.1,pso,2,410389.1265
15,15,20,0.0,0.1,pso,3,410389.1265
15,15,20,0.0,0.1,pso,4,410389.1265
15,15,20,0.0,0.1,pso,5,410389.1265
15,15,20,0.0,0.1,pso,6,410389.1265
15,15,20,0.0,0.1,pso,7,410389.1265
15,15,20,0.0,0.1,pso,8,410389.1265
15,15,20,0.0,0.1,pso,9,410389.1265
15,15,20,0.0,0.1,pso,10,410389.1265
15,15,20,0.0,0.1,pso,11,410389.1265
15,15,20,0.0,0.1,pso,12,410389.1265
15,15,20,0.0,0.1,pso,13,410389.1265
15,15,20,0.0,0.1,pso,14,410389.1265
15,15,20,0.0,0.1,pso,15,410389.1265
15,15,20,0.0,0.1,pso,16,410389.1265
15,15,20,0.0,0.1,pso,17,410389.1265
15,15,20,0.0,0.1,pso,18,410389.1265
15,15,20,0.0,0.1,pso,19,410389.1265
15,15,20,0.0,0.1,pso,20,410389.1265
15,15,20,0.0,0.1,ga,0,410389.1265
15,15,20,0.0,0.1,ga,1,410389.1265
15,15,20,0.0,0.1,ga,2,410389.1265
15,15,20,0.0,0.1,ga,3,410389.1265
15,15,20,0.0,0.1,ga,4,410389.1265
15,15,20,0.0,0.1,ga,5,410389.1265
15,15,20,0.0,0.1,ga,6,410389.1265
15,15,20,0.0,0.1,ga,7,410389.1265
15,15,20,0.0,0.1,ga,8,410389.1265
15,15,20,0.0,0.1,ga,9,410389.1265
15,15,20,0.0,0.1,ga,10,410389.1265
15,15,20,0.0,0.1,ga,11,410389.1265
15,15,20,0.0,0.1,ga,12,410389.1265
15,15,20,0.0,0.1,ga,13,410389.1265
15,15,20,0.0,0.1,ga,14,410389.1265
15,15,20,0.0,0.1,ga,15,410389.1265
15,15,20,0.0,0.1,ga,16,410389.1265
15,15,20,0.0,0.1,ga,17,410389.1265
15,15,20,0.0,0.1,ga,18,410389.1265
15,15,20,0.0,0.1,ga,19,410389.1265
15,15,20,0.0,0.1,ga,20,410389.1265
15,15,20,0.0,0.5,qpso,0,489731.2009
15,15,20,0.0,0.5,qpso,1,489731.2009
15,15,20,0.0,0.5,qpso,2,489731.2009
15,15,20,0.0,0.5,qpso,3,489731.2009
15,15,20,0.0,0.5,qpso,4,489731.2009
15,15,20,0.0,0.5,qpso,5,489731.2009
15,15,20,0.0,0.5,qpso,6,489731.2009
15,15,20,0.0,0.5,qpso,7,489731.2009
15,15,20,0.0,0.5,qpso,8,489731.2009
15,15,20,0.0,0.5,qpso,9,489731.2009
15,15,20,0.0,0.5,qpso,10,489731.2009
15,15,20,0.0,0.5,qpso,11,489731.2009
15,15,20,0.0,0.5,qpso,12,489731.2009
15,15,20,0.0,0.5,qpso,13,489731.2009
15,15,20,0.0,0.5,qpso,14,489731.2009
15,15,20,0.0,0.5,qpso,15,489731.2009
15,15,20,0.0,0.5,qpso,16,489731.2009
15,15,20,0.0,0.5,qpso,17,489731.2009
15,15,20,0.0,0.5,qpso,18,489731.2009
15,15,20,0.0,0.5,qpso,19,489731.2009
15,15,20,0.0,0.5,qpso,20,489731.2009
15,15,20,0.0,0.5,pso,0,489731.2009
15,15,20,0.0,0.5,pso,1,489731.2009
15,15,20,0.0,0.5,pso,2,489731.2009
15,15,20,0.0,0.5,pso,3,489731.2009
15,15,20,0.0,0.5,pso,4,489731.2009
15,15,20,0.0,0.5,pso,5,489731.2009
15,15,20,0.0,0.5,pso,6,489731.2009
15,15,20,0.0,0.5,pso,7,489731.2009
15,15,20,0.0,0.5,pso,8,489731.2009
15,15,20,0.0,0.5,pso,9,489731.2009
15,15,20,0.0,0.5,pso,10,489731.2009
15,15,20,0.0,0.5,pso,11,489731.2009
15,15,20,0.0,0.5,pso,12,489731.2009
15,15,20,0.0,0.5,pso,13,489731.2009
15,15,20,0.0,0.5,pso,14,489731.2009
15,15,20,0.0,0.5,pso,15,489731.2009
15,15,20,0.0,0.5,pso,16,489731.2009
15,15,20,0.0,0.5,pso,17,489731.2009
15,15,20,0.0,0.5,pso,18,489731.2009
15,15,20,0.0,0.5,pso,19,489731.2009
15,15,20,0.0,0.5,pso,20,489731.2009
15,15,20,0.0,0.5,ga,0,489731.2009
15,15,20,0.0,0.5,ga,1,489731.2009
15,15,20,0.0,0.5,ga,2,489731.2009
15,15,20,0.0,0.5,ga,3,489731.2009
15,15,20,0.0,0.5,ga,4,489731.2009
15,15,20,0.0,0.5,ga,5,489731.2009
15,15,20,0.0,0.5,ga,6,489731.2009
15,15,20,0.0,0.5,ga,7,489731.2009
15,15,20,0.0,0.5,ga,8,489731.2009
15,15,20,0.0,0.5,ga,9,489731.2009
15,15,20,0.0,0.5,ga,10,489731.2009
15,15,20,0.0,0.5,ga,11,489731.2009
15,15,20,0.0,0.5,ga,12,489731.2009
15,15,20,0.0,0.5,ga,13,489731.2009
15,15,20,0.0,0.5,ga,14,489731.2009
15,15,20,0.0,0.5,ga,15,489731.2009
15,15,20,0.0,0.5,ga,16,489731.2009
15,15,20,0.0,0.5,ga,17,489731.2009
15,15,20,0.0,0.5,ga,18,489731.2009
15,15,20,0.0,0.5,ga,19,489731.2009
15,15,20,0.0,0.5,ga,20,489731.2009
15,15,20,9.0,0.1,qpso,0,422119.418
15,15,20,9.0,0.1,qpso,1,420229.8328
15,15,20,9.0,0.1,qpso,2,419938.5194
15,15,20,9.0,0.1,qpso,3,419938.5194
15,15,20,9.0,0.1,qpso,4,419938.5194
15,15,20,9.0,0.1,qpso,5,419938.5194
15,15,20,9.0,0.1,qpso,6,419938.5194
15,15,20,9.0,0.1,qpso,7,419938.5194
15,15,20,9.0,0.1,qpso,8,419938.5194
15,15,20,9.0,0.1,qpso,9,419938.5194
15,15,20,9.0,0.1,qpso,10,419728.1924
15,15,20,9.0,0.1,qpso,11,419728.1924
15,15,20,9.0,0.1,qpso,12,419728.1924
15,15,20,9.0,0.1,qpso,13,419218.0597
15,15,20,9.0,0.1,qpso,14,419218.0597
15,15,20,9.0,0.1,qpso,15,419218.0597
15,15,20,9.0,0.1,qpso,16,418428.1995
15,15,20,9.0,0.1,qpso,17,418428.1995
15,15,20,9.0,0.1,qpso,18,418428.1995
15,15,20,9.0,0.1,qpso,19,418428.1995
15,15,20,9.0,0.1,qpso,20,418428.1995
15,15,20,9.0,0.1,pso,0,422119.418
15,15,20,9.0,0.1,pso,1,420221.4773
15,15,20,9.0,0.1,pso,2,419774.9339
15,15,20,9.0,0.1,pso,3,419774.9339
15,15,20,9.0,0.1,pso,4,418722.7861
15,15,20,9.0,0.1,pso,5,418655.0301
15,15,20,9.0,0.1,pso,6,417789.7534
15,15,20,9.0,0.1,pso,7,417789.7534
15,15,20,9.0,0.1,pso,8,417789.7534
15,15,20,9.0,0.1,pso,9,417448.7066
15,15,20,9.0,0.1,pso,10,417448.7066
15,15,20,9.0,0.1,pso,11,417448.7066
15,15,20,9.0,0.1,pso,12,417280.8068
15,15,20,9.0,0.1,pso,13,417280.8068
15,15,20,9.0,0.1,pso,14,417280.8068
15,15,20,9.0,0.1,pso,15,417280.8068
15,15,20,9.0,0.1,pso,16,417205.2324
15,15,20,9.0,0.1,pso,17,417205.2324
15,15,20,9.0,0.1,pso,18,417205.2324
15,15,20,9.0,0.1,pso,19,417205.2324
15,15,20,9.0,0.1,pso,20,417066.4441
15,15,20,9.0,0.1,ga,0,422119.418
15,15,20,9.0,0.1,ga,1,420954.868
15,15,20,9.0,0.1,ga,2,420954.868
15,15,20,9.0,0.1,ga,3,420402.8596
15,15,20,9.0,0.1,ga,4,420402.8596
15,15,20,9.0,0.1,ga,5,420402.8596
15,15,20,9.0,0.1,ga,6,419018.558
15,15,20,9.0,0.1,ga,7,419018.558
15,15,20,9.0,0.1,ga,8,419018.558
15,15,20,9.0,0.1,ga,9,418923.8773
15,15,20,9.0,0.1,ga,10,418823.2437
15,15,20,9.0,0.1,ga,11,418236.4346
15,15,20,9.0,0.1,ga,12,418236.4346
15,15,20,9.0,0.1,ga,13,418082.901
15,15,20,9.0,0.1,ga,14,417967.0853
15,15,20,9.0,0.1,ga,15,417967.0853
15,15,20,9.0,0.1,ga,16,417967.0853
15,15,20,9.0,0.1,ga,17,417967.0853
15,15,20,9.0,0.1,ga,18,417923.5716
15,15,20,9.0,0.1,ga,19,417923.5716
15,15,20,9.0,0.1,ga,20,417923.5716
15,15,20,9.0,0.5,qpso,0,706919.7951
15,15,20,9.0,0.5,qpso,1,706919.7951
15,15,20,9.0,0.5,qpso,2,706919.7951
15,15,20,9.0,0.5,qpso,3,706919.7951
15,15,20,9.0,0.5,qpso,4,706919.7951
15,15,20,9.0,0.5,qpso,5,706919.7951
15,15,20,9.0,0.5,qpso,6,706919.7951
15,15,20,9.0,0.5,qpso,7,705723.8148
15,15,20,9.0,0.5,qpso,8,705723.8148
15,15,20,9.0,0.5,qpso,9,705723.8148
15,15,20,9.0,0.5,qpso,10,705723.8148
15,15,20,9.0,0.5,qpso,11,705723.8148
15,15,20,9.0,0.5,qpso,12,705028.9435
15,15,20,9.0,0.5,qpso,13,705028.9435
15,15,20,9.0,0.5,qpso,14,705028.9435
15,15,20,9.0,0.5,qpso,15,704218.7283
15,15,20,9.0,0.5,qpso,16,704218.7283
15,15,20,9.0,0.5,qpso,17,703619.1675
15,15,20,9.0,0.5,qpso,18,703619.1675
15,15,20,9.0,0.5,qpso,19,703619.1675
15,15,20,9.0,0.5,qpso,20,703478.7943
15,15,20,9.0,0.5,pso,0,706919.7951
15,15,20,9.0,0.5,pso,1,706919.7951
15,15,20,9.0,0.5,pso,2,706919.7951
15,15,20,9.0,0.5,pso,3,706919.7951
15,15,20,9.0,0.5,pso,4,706919.7951
15,15,20,9.0,0.5,pso,5,706919.7951
15,15,20,9.0,0.5,pso,6,706919.7951
15,15,20,9.0,0.5,pso,7,706919.7951
15,15,20,9.0,0.5,pso,8,706919.7951
15,15,20,9.0,0.5,pso,9,706919.7951
15,15,20,9.0,0.5,pso,10,706919.7951
15,15,20,9.0,0.5,pso,11,706919.7951
15,15,20,9.0,0.5,pso,12,706919.7951
15,15,20,9.0,0.5,pso,13,706919.7951
15,15,20,9.0,0.5,pso,14,706919.7951
15,15,20,9.0,0.5,pso,15,706919.7951
15,15,20,9.0,0.5,pso,16,706919.7951
15,15,20,9.0,0.5,pso,17,706919.7951
15,15,20,9.0,0.5,pso,18,706919.7951
15,15,20,9.0,0.5,pso,19,706889.9007
15,15,20,9.0,0.5,pso,20,706889.9007
15,15,20,9.0,0.5,ga,0,706919.7951
15,15,20,9.0,0.5,ga,1,703658.4284
15,15,20,9.0,0.5,ga,2,703658.4284
15,15,20,9.0,0.5,ga,3,700496.3681
15,15,20,9.0,0.5,ga,4,700169.1308
15,15,20,9.0,0.5,ga,5,700169.1308
15,15,20,9.0,0.5,ga,6,700169.1308
15,15,20,9.0,0.5,ga,7,700169.1308
15,15,20,9.0,0.5,ga,8,699975.009
15,15,20,9.0,0.5,ga,9,699975.009
15,15,20,9.0,0.5,ga,10,699975.009
15,15,20,9.0,0.5,ga,11,699975.009
15,15,20,9.0,0.5,ga,12,699975.009
15,15,20,9.0,0.5,ga,13,699975.009
15,15,20,9.0,0.5,ga,14,699975.009
15,15,20,9.0,0.5,ga,15,699975.009
15,15,20,9.0,0.5,ga,16,699975.009
15,15,20,9.0,0.5,ga,17,699615.4566
15,15,20,9.0,0.5,ga,18,699615.4566
15,15,20,9.0,0.5,ga,19,699615.4566
15,15,20,9.0,0.5,ga,20,699615.4566
